{
  "image": "mcr.microsoft.com/devcontainers/base:ubuntu",
  "features": {
    "ghcr.io/shyim/devcontainers-features/symfony-cli:0": {},
    "ghcr.io/shyim/devcontainers-features/php:0": {
      "version": "8.4"
    }
  },
  "updateContentCommand": {
    "composer install": ["composer", "install"]
  },
  "postAttachCommand": {
    "server": "symfony server:start",
    "sass build": ["symfony", "console", "sass:build", "-w"]
  },
  "containerEnv": {
    "SYMFONY_TRUSTED_PROXIES": "127.0.0.1",
    "SYMFONY_TRUSTED_HEADERS": "x-forwarded-for,x-forwarded-host,x-forwarded-proto,x-forwarded-port"
  }
}
